{"mc":{
  "qie":{
    "frameRate":24,
    "events":[

    ],
    "frames":[

        {
            "res":"3F15C2F5",
            "x":3,
            "y":28,
            "duration":4
        },
        {
            "res":"4CB2A03",
            "x":9,
            "y":28,
            "duration":4
        },
        {
            "res":"E789DB42",
            "x":18,
            "y":28,
            "duration":4
        },
        {
            "res":"59B27F27",
            "x":33,
            "y":28,
            "duration":4
        },
        {
            "res":"53D58AF",
            "x":47,
            "y":28,
            "duration":4
        },
        {
            "res":"71F859F6",
            "x":47,
            "y":28,
            "duration":4
        },
        {
            "res":"BC6666C7",
            "x":47,
            "y":3,
            "duration":4
        },
        {
            "res":"4BD749E",
            "x":47,
            "y":25,
            "duration":4
        },
        {
            "res":"E25C6AEA",
            "x":40,
            "y":28,
            "duration":4
        },
        {
            "res":"6D6719E3",
            "x":32,
            "y":28,
            "duration":4
        },
        {
            "res":"C2AFE1FB",
            "x":24,
            "y":28,
            "duration":4
        },
        {
            "res":"2F0177F3",
            "x":18,
            "y":28,
            "duration":4
        }
    ]
}},
"res":{
    "2F0177F3":{"x":321,"y":0,"w":105,"h":128},
    "BC6666C7":{"x":0,"y":0,"w":105,"h":153},
    "53D58AF":{"x":0,"y":288,"w":105,"h":128},
    "71F859F6":{"x":107,"y":0,"w":105,"h":128},
    "3F15C2F5":{"x":214,"y":0,"w":105,"h":128},
    "4BD749E":{"x":0,"y":155,"w":105,"h":131},
    "4CB2A03":{"x":107,"y":130,"w":105,"h":128},
    "E789DB42":{"x":107,"y":260,"w":105,"h":128},
    "6D6719E3":{"x":214,"y":130,"w":105,"h":128},
    "E25C6AEA":{"x":321,"y":130,"w":105,"h":128},
    "59B27F27":{"x":214,"y":260,"w":105,"h":128},
    "C2AFE1FB":{"x":321,"y":260,"w":105,"h":128}
}}