{
	"groups":[
	{
		"keys":"a1_png,a10_png,a11_png,a12_png,a2_png,a3_png,a4_png,a5_png,a6_png,a7_png,a8_png,a9_png,mc_json",
		"name":"preload"
	}],
	"resources":[
	{
		"name":"a1_png",
		"type":"image",
		"url":"bear/a1.png"
	},
	{
		"name":"a10_png",
		"type":"image",
		"url":"bear/a10.png"
	},
	{
		"name":"a11_png",
		"type":"image",
		"url":"bear/a11.png"
	},
	{
		"name":"a12_png",
		"type":"image",
		"url":"bear/a12.png"
	},
	{
		"name":"a2_png",
		"type":"image",
		"url":"bear/a2.png"
	},
	{
		"name":"a3_png",
		"type":"image",
		"url":"bear/a3.png"
	},
	{
		"name":"a4_png",
		"type":"image",
		"url":"bear/a4.png"
	},
	{
		"name":"a5_png",
		"type":"image",
		"url":"bear/a5.png"
	},
	{
		"name":"a6_png",
		"type":"image",
		"url":"bear/a6.png"
	},
	{
		"name":"a7_png",
		"type":"image",
		"url":"bear/a7.png"
	},
	{
		"name":"a8_png",
		"type":"image",
		"url":"bear/a8.png"
	},
	{
		"name":"a9_png",
		"type":"image",
		"url":"bear/a9.png"
	},
	{
		"name":"mc_json",
		"type":"json",
		"url":"bear/mc.json"
	}]
}