{"mc":{
  "bear_ugly":{
    "frameRate":24,
    "events":[

    ],
    "frames":[

        {
            "res":"91F8CDE4",
            "x":0,
            "y":0,
            "duration":40
        },
        {
            "res":"1247430D",
            "x":0,
            "y":0,
            "duration":2
        },
        {
            "res":"F4E627C8",
            "x":0,
            "y":0,
            "duration":4
        },
        {
            "res":"BAEF7A32",
            "x":0,
            "y":0,
            "duration":2
        },
        {
            "res":"F4E627C8",
            "x":0,
            "y":0,
            "duration":4
        },
        {
            "res":"BAEF7A32",
            "x":0,
            "y":0,
            "duration":2
        },
        {
            "res":"F4E627C8",
            "x":0,
            "y":0,
            "duration":4
        },
        {
            "res":"BAEF7A32",
            "x":0,
            "y":0,
            "duration":2
        },
        {
            "res":"F4E627C8",
            "x":0,
            "y":0,
            "duration":4
        },
        {
            "res":"BAEF7A32",
            "x":0,
            "y":0,
            "duration":2
        },
        {
            "res":"F4E627C8",
            "x":0,
            "y":0,
            "duration":4
        },
        {
            "res":"BAEF7A32",
            "x":0,
            "y":0,
            "duration":4
        }
    ]
}},
"res":{
    "1247430D":{"x":0,"y":0,"w":566,"h":343},
    "F4E627C8":{"x":0,"y":345,"w":566,"h":343},
    "BAEF7A32":{"x":568,"y":0,"w":566,"h":343},
    "91F8CDE4":{"x":1136,"y":0,"w":566,"h":343}
}}